fold,sample_name,true_label,pred_label,correct,probabilities_json
1,1nfu_B_1_100000,1,1,1,"[0.4194151759147644, 0.5805848240852356]"
1,1mox_C_1_100000,1,1,1,"[0.4580589830875397, 0.5419410467147827]"
1,2y5f_L_1_100000,1,1,1,"[0.42978647351264954, 0.5702135562896729]"
1,2bz6_L_1_100000,1,1,1,"[0.4245239496231079, 0.5754760503768921]"
1,4gs7_D_1_100000,0,0,1,"[0.522371768951416, 0.477628231048584]"
1,1g1t_A_119_157,1,1,1,"[0.41899925470352173, 0.5810007452964783]"
1,1pfx_L_47_86,1,1,1,"[0.4237319231033325, 0.5762680768966675]"
1,1xka_L_87_139,1,1,1,"[0.42942267656326294, 0.5705773234367371]"
1,1uzk_A_1486_1528,1,1,1,"[0.4164290428161621, 0.5835709571838379]"
1,2ayl_A_32_73,1,1,1,"[0.436995267868042, 0.563004732131958]"
1,1qub_A_244_326,0,0,1,"[0.5187848806381226, 0.48121514916419983]"
1,1md8_A_358_433,0,0,1,"[0.5148700475692749, 0.4851299822330475]"
1,1ok3_A_129_190,0,0,1,"[0.5060081481933594, 0.493991881608963]"
1,2ok5_A_9_76,0,0,1,"[0.5098741054534912, 0.4901259243488312]"
1,2z3q_B_1_78,0,0,1,"[0.5182572603225708, 0.481742799282074]"
1,2qy0_A_358_446,0,0,1,"[0.5191663503646851, 0.48083361983299255]"
2,1xdt_R_1_100000,1,1,1,"[0.450521320104599, 0.5494787096977234]"
2,1aut_L_49_96,1,1,1,"[0.470205157995224, 0.5297948122024536]"
2,1aut_L_97_146,1,1,1,"[0.453261137008667, 0.546738862991333]"
2,1fak_L_87_143,1,1,1,"[0.4646241366863251, 0.5353758931159973]"
2,1dva_L_42_86,1,1,1,"[0.4600208103656769, 0.5399791598320007]"
2,1dva_L_87_142,1,1,1,"[0.46427059173583984, 0.5357294082641602]"
2,1pfx_L_87_146,1,1,1,"[0.46573853492736816, 0.5342614650726318]"
2,1szb_A_124_168,1,1,1,"[0.45467662811279297, 0.545323371887207]"
2,1dx5_I_345_387,1,1,1,"[0.4570145905017853, 0.5429854393005371]"
2,1qub_A_184_243,0,0,1,"[0.5204709768295288, 0.4795290231704712]"
2,4jhs_A_204_262,0,0,1,"[0.5093264579772949, 0.4906735122203827]"
2,2o39_C_1_62,0,0,1,"[0.5178911089897156, 0.4821088910102844]"
2,2ok5_A_138_199,0,0,1,"[0.516437292098999, 0.4835626780986786]"
2,2ok5_A_77_137,0,0,1,"[0.5155660510063171, 0.48443397879600525]"
2,2b5i_D_103_165,0,0,1,"[0.5050904154777527, 0.4949096441268921]"
2,1zjk_A_366_440,0,0,1,"[0.5175144076347351, 0.4824855923652649]"
3,1jbu_L_1_100000,1,1,1,"[0.383928507566452, 0.6160714626312256]"
3,1jl9_A_1_100000,1,1,1,"[0.3807092607021332, 0.6192907691001892]"
3,5ky2_B_1_100000,1,1,1,"[0.36501312255859375, 0.6349868774414062]"
3,4lor_A_117_159,1,1,1,"[0.3663327395915985, 0.6336672902107239]"
3,1p0s_L_87_138,1,1,1,"[0.3905767500400543, 0.6094232201576233]"
3,1ijq_A_643_692,1,1,1,"[0.4582952857017517, 0.5417047142982483]"
3,1nt0_A_120_164,1,1,1,"[0.35964155197143555, 0.6403583884239197]"
3,2i9a_A_10_49,1,1,1,"[0.3610992133617401, 0.6389008164405823]"
3,1cvu_A_33_73,1,1,1,"[0.3617393970489502, 0.6382606029510498]"
3,4jhs_A_263_345,0,0,1,"[0.6255804896354675, 0.37441954016685486]"
3,1gpz_A_290_357,0,0,1,"[0.6374812126159668, 0.3625187575817108]"
3,1ok3_A_1_64,0,0,1,"[0.6359323859214783, 0.3640676736831665]"
3,1ly2_A_2_66,0,0,1,"[0.6060514450073242, 0.39394858479499817]"
3,1ly2_A_67_128,0,0,1,"[0.6283050775527954, 0.371694952249527]"
3,2psm_C_3_71,0,0,1,"[0.6300873160362244, 0.3699127435684204]"
3,1zjk_A_311_363,0,0,1,"[0.6276381015777588, 0.3723619282245636]"
4,1rfn_B_1_100000,1,1,1,"[0.431086003780365, 0.568913996219635]"
4,5e8d_A_1_100000,1,1,1,"[0.40383180975914, 0.5961682200431824]"
4,5wb7_E_1_100000,1,1,1,"[0.40286722779273987, 0.5971327424049377]"
4,1nzi_A_118_159,1,1,1,"[0.4016698896884918, 0.5983301401138306]"
4,1g1q_A_119_158,1,1,1,"[0.39470118284225464, 0.6052988171577454]"
4,1xka_L_49_86,1,1,1,"[0.3875671923160553, 0.6124328374862671]"
4,1uzk_A_1605_1647,1,1,1,"[0.4092382788658142, 0.5907617807388306]"
4,1dx5_I_388_422,1,1,1,"[0.43626970052719116, 0.5637302994728088]"
4,1qub_A_1_62,0,0,1,"[0.5257947444915771, 0.47420522570610046]"
4,1qub_A_121_183,0,0,1,"[0.5247752070426941, 0.4752248227596283]"
4,2o39_C_63_126,0,0,1,"[0.5251312255859375, 0.4748687744140625]"
4,1elv_A_342_409,0,0,1,"[0.5112391114234924, 0.4887608289718628]"
4,1h03_P_5_66,0,0,1,"[0.5026730298995972, 0.49732691049575806]"
4,1q3x_A_363_440,0,0,1,"[0.510694146156311, 0.4893058240413666]"
4,2qy0_A_292_357,0,0,1,"[0.5155721306800842, 0.4844278395175934]"
5,5l0s_B_1_100000,1,1,1,"[0.39056533575057983, 0.6094346046447754]"
5,1edm_B_1_100000,1,1,1,"[0.39128002524375916, 0.6087199449539185]"
5,1kig_L_1_100000,1,1,1,"[0.39017173647880554, 0.6098282933235168]"
5,1fak_L_49_86,1,1,1,"[0.39090967178344727, 0.6090903282165527]"
5,5vyg_A_43_84,1,1,1,"[0.3921830952167511, 0.6078169345855713]"
5,2h9e_L_89_136,1,1,1,"[0.3878874182701111, 0.6121126413345337]"
5,3bps_E_293_332,1,1,1,"[0.38909468054771423, 0.6109053492546082]"
5,1dx5_I_423_462,1,1,1,"[0.3941369354724884, 0.605863094329834]"
5,3op8_A_244_326,0,0,1,"[0.6621974110603333, 0.3378026485443115]"
5,1qub_A_63_120,0,0,1,"[0.6618345975875854, 0.33816543221473694]"
5,1gpz_A_358_433,0,0,1,"[0.6718462705612183, 0.32815372943878174]"
5,1h03_P_67_129,0,0,1,"[0.6606888771057129, 0.3393111824989319]"
5,1ok3_A_65_128,0,0,1,"[0.6623935103416443, 0.3376064598560333]"
5,1ok3_A_191_254,0,0,1,"[0.6137133836746216, 0.38628658652305603]"
5,2b5i_D_1_64,0,0,1,"[0.5180279612541199, 0.48197200894355774]"
